"source","term_name","term_id","adjusted_p_value","negative_log10_of_adjusted_p_value","term_size","query_size","intersection_size","effective_domain_size","intersections"
"GO:BP","G protein-coupled receptor signaling pathway, coupled to cyclic nucleotide second messenger","GO:0007187","7.95647224142352e-16","15.099279448051647","238","340","34","16483","DRD3,DRD4,HTR1A,DRD2,DRD1,ADRA2A,ADRB1,CHRM4,CHRM5,HTR1D,HTR2A,MC4R,MTNR1B,RGS2,ADORA2A,GHRH,GNAS,HTR2B,HRH1,MTNR1A,ADRB2,CNR1,GABBR1,HTR1B,OPRM1,CHRM2,CRHR2,ADCY8,ADRA1A,CHRM1,CCL2,UCN3,GNA11,GPR3"
"GO:BP","adenylate cyclase-modulating G protein-coupled receptor signaling pathway","GO:0007188","7.024326240377142e-13","12.15339532610177","208","340","29","16483","DRD3,DRD4,HTR1A,DRD2,DRD1,ADRA2A,ADRB1,CHRM4,CHRM5,HTR1D,MC4R,RGS2,ADORA2A,GHRH,GNAS,MTNR1A,ADRB2,CNR1,GABBR1,HTR1B,OPRM1,CHRM2,CRHR2,ADCY8,ADRA1A,CHRM1,UCN3,GNA11,GPR3"
"GO:BP","modulation of chemical synaptic transmission","GO:0050804","7.738906243710267e-11","10.111320414754685","248","340","29","16483","DRD3,NRXN1,GRIK1,GRIK2,GRIK3,GRIK5,GRIN2B,DRD2,DRD1,APOE,BDNF,CACNA1A,CDH2,CHRNA7,DLG4,DLGAP1,DLGAP3,IL1B,DTNBP1,TNF,CRHR2,ADCY8,ADRA1A,DLGAP2,NTRK2,CCL2,KCTD13,PRRT2,CBLN1"
"GO:BP","regulation of trans-synaptic signaling","GO:0099177","8.597769099327205e-11","10.065614222423779","249","340","29","16483","DRD3,NRXN1,GRIK1,GRIK2,GRIK3,GRIK5,GRIN2B,DRD2,DRD1,APOE,BDNF,CACNA1A,CDH2,CHRNA7,DLG4,DLGAP1,DLGAP3,IL1B,DTNBP1,TNF,CRHR2,ADCY8,ADRA1A,DLGAP2,NTRK2,CCL2,KCTD13,PRRT2,CBLN1"
"GO:BP","adenylate cyclase-inhibiting G protein-coupled receptor signaling pathway","GO:0007193","5.081664058264115e-10","9.29399404894023","66","340","16","16483","DRD3,DRD4,HTR1A,DRD2,ADRA2A,CHRM4,CHRM5,HTR1D,RGS2,MTNR1A,GABBR1,HTR1B,OPRM1,CHRM2,ADCY8,CHRM1"
"GO:BP","behavior","GO:0007610","2.1169038783283423e-8","7.67429886142288","248","340","26","16483","DRD3,NRXN1,DRD4,GRIN2B,HTR1A,DRD2,DRD1,ADRB1,APOE,BDNF,CHRNA7,DLG4,MC4R,PSEN1,SLC6A4,CHRNA4,COMT,GHRH,HTR2B,SCN2A,MTNR1A,OPRM1,ADCY8,NTRK2,CCND2,WFS1"
"GO:BP","monoamine transport","GO:0015844","2.225480891958766e-8","7.652576130230029","59","340","14","16483","DRD3,SLC6A3,DRD4,HTR1A,DRD2,DRD1,ADRA2A,SLC6A2,SLC6A4,CHRNA4,DTNBP1,HTR1B,SLC22A3,TOR1A"
"GO:BP","response to dopamine","GO:1903350","1.1410275211591863e-7","6.9427038804341725","44","340","12","16483","DRD3,DRD4,HTR1A,DRD2,DRD1,HTR1D,HTR2A,GNAS,HTR2B,DTNBP1,HTR1B,GNA11"
"GO:BP","cellular response to dopamine","GO:1903351","1.1410275211591863e-7","6.9427038804341725","44","340","12","16483","DRD3,DRD4,HTR1A,DRD2,DRD1,HTR1D,HTR2A,GNAS,HTR2B,DTNBP1,HTR1B,GNA11"
"GO:BP","cognition","GO:0050890","1.6514557483093814e-7","6.782133058982879","157","340","20","16483","DRD3,NRXN1,GRIN2B,DRD2,DRD1,APOE,BDNF,CHRNA7,DLG4,PSEN1,CHRNA4,COMT,GNAS,SCN2A,SETD5,TNF,ADCY8,NTRK2,CCND2,JAKMIP1"
"GO:BP","dopamine uptake involved in synaptic transmission","GO:0051583","3.401140728372513e-7","6.468375397972839","10","340","7","16483","DRD3,SLC6A3,DRD4,DRD2,DRD1,SLC6A2,TOR1A"
"GO:BP","catecholamine uptake involved in synaptic transmission","GO:0051934","3.401140728372513e-7","6.468375397972839","10","340","7","16483","DRD3,SLC6A3,DRD4,DRD2,DRD1,SLC6A2,TOR1A"
"GO:BP","dopamine uptake","GO:0090494","3.426937440626951e-7","6.465093823623385","15","340","8","16483","DRD3,SLC6A3,DRD4,DRD2,DRD1,SLC6A2,SLC22A3,TOR1A"
"GO:BP","phospholipase C-activating G protein-coupled receptor signaling pathway","GO:0007200","5.262281314848438e-7","6.278825938800549","87","340","15","16483","DRD3,DRD2,DRD1,ADRA2A,HTR2A,HTR2B,HRH1,ESR1,OPRM1,CHRM2,ADRA1A,CCKBR,CHRM1,GPR20,GNA11"
"GO:BP","catecholamine uptake","GO:0090493","6.73125470132981e-7","6.1719039760322785","16","340","8","16483","DRD3,SLC6A3,DRD4,DRD2,DRD1,SLC6A2,SLC22A3,TOR1A"
"GO:BP","neurotransmitter uptake","GO:0001504","0.0000010540102814823147","5.977155152720003","32","340","10","16483","DRD3,SLC6A3,DRD4,SNAP25,DRD2,DRD1,SLC6A2,SLC6A4,SLC22A3,TOR1A"
"GO:BP","neurotransmitter reuptake","GO:0098810","0.0000012113423677613513","5.916733092682481","24","340","9","16483","DRD3,SLC6A3,DRD4,DRD2,DRD1,SLC6A2,SLC6A4,SLC22A3,TOR1A"
"GO:BP","response to monoamine","GO:0071867","0.000001936291445992359","5.71302927313299","55","340","12","16483","DRD3,DRD4,HTR1A,DRD2,DRD1,HTR1D,HTR2A,GNAS,HTR2B,DTNBP1,HTR1B,GNA11"
"GO:BP","cellular response to catecholamine stimulus","GO:0071870","0.000001936291445992359","5.71302927313299","55","340","12","16483","DRD3,DRD4,HTR1A,DRD2,DRD1,HTR1D,HTR2A,GNAS,HTR2B,DTNBP1,HTR1B,GNA11"
"GO:BP","cellular response to monoamine stimulus","GO:0071868","0.000001936291445992359","5.71302927313299","55","340","12","16483","DRD3,DRD4,HTR1A,DRD2,DRD1,HTR1D,HTR2A,GNAS,HTR2B,DTNBP1,HTR1B,GNA11"
"GO:BP","response to catecholamine","GO:0071869","0.000001936291445992359","5.71302927313299","55","340","12","16483","DRD3,DRD4,HTR1A,DRD2,DRD1,HTR1D,HTR2A,GNAS,HTR2B,DTNBP1,HTR1B,GNA11"
"GO:BP","synapse organization","GO:0050808","0.0000025521715186507116","5.593090142215587","264","340","24","16483","NRXN1,GRIN2B,DRD2,DRD1,APOE,BDNF,CDH2,CHRNA7,DLG4,NOS1AP,PSEN1,SLITRK1,SETD5,SLITRK3,GABRA1,GABRG2,TNF,NRCAM,PTPRD,CFL1,PIN1,PTPRS,CBLN1,SYNDIG1"
"GO:BP","regulation of membrane potential","GO:0042391","0.0000025655070169533113","5.590826793162198","331","340","27","16483","NRXN1,DRD4,GRIK3,GRIN2B,DRD2,CACNA1A,CHRNA7,DLG4,HCN4,HTR3A,NOS1AP,CHRNA4,SCN2A,HTR3C,HTR3E,SCN5A,GABRA1,GABRA6,GABRG2,ADRA1A,CACNA1C,MLLT11,CNTNAP1,GNA11,HEBP2,SUMO1,CBLN1"
"GO:BP","dopamine transport","GO:0015872","0.0000051925891204853825","5.2846160409261556","37","340","10","16483","DRD3,SLC6A3,DRD4,DRD2,DRD1,SLC6A2,CHRNA4,DTNBP1,SLC22A3,TOR1A"
"GO:BP","catecholamine transport","GO:0051937","0.00000891638003589921","5.049811429202953","50","340","11","16483","DRD3,SLC6A3,DRD4,DRD2,DRD1,ADRA2A,SLC6A2,CHRNA4,DTNBP1,SLC22A3,TOR1A"
"GO:BP","positive regulation of synaptic transmission","GO:0050806","0.000009854726534860047","5.006355422734015","91","340","14","16483","NRXN1,GRIK2,GRIN2B,DRD1,APOE,CHRNA7,DLG4,DTNBP1,TNF,CRHR2,ADCY8,ADRA1A,CCL2,KCTD13"
"GO:BP","adrenergic receptor signaling pathway","GO:0071875","0.000016442817640569433","4.784023759733929","31","340","9","16483","DRD3,DRD2,DRD1,ADRA2A,ADRB1,RGS2,GNAS,ADRB2,ADRA1A"
"GO:BP","ERK1 and ERK2 cascade","GO:0070371","0.00001976791858598453","4.7040390562406635","270","340","23","16483","NRXN1,SMAD4,APOE,CHRNA7,GSTP1,HRAS,HTR2A,HTR2B,IL1B,PTPN1,EGF,OPRM1,TNF,ADRA1A,CCL2,BRAF,ARHGAP8,MYC,PTPN22,S100A7,PIN1,VEGFA,FGB"
"GO:BP","cyclic-nucleotide-mediated signaling","GO:0019935","0.000025112910207351147","4.600102956193559","188","340","19","16483","DRD3,DRD2,DRD1,ADRA2A,ADRB1,APOE,MC4R,ADORA2A,GHRH,GNAS,HTR2B,ADRB2,CNR1,OPRM1,PDE10A,ADCY8,ADRA1A,UCN3,GPR3"
"GO:BP","learning or memory","GO:0007611","0.00003609213454380575","4.442587432343847","117","340","15","16483","DRD3,NRXN1,GRIN2B,DRD2,DRD1,APOE,BDNF,CHRNA7,DLG4,PSEN1,COMT,SCN2A,ADCY8,NTRK2,CCND2"
"GO:BP","synaptic transmission, dopaminergic","GO:0001963","0.00004865767700637606","4.31284862880829","17","340","7","16483","DRD3,SLC6A3,DRD4,DRD2,DRD1,SLC6A2,TOR1A"
"GO:BP","signal release","GO:0023061","0.00005014370159011316","4.2997836097311435","331","340","25","16483","DRD3,NRXN1,HTR1A,SNAP25,DRD2,ADRA2A,CACNA1A,GAD2,MTNR1B,NOS2,CHRNA4,GHRH,GNAS,IL1B,POMC,EFNA5,DTNBP1,HTR1B,OPRM1,TNF,IL6,ADCY8,CACNA1C,PRRT2,FGB"
"GO:BP","adenylate cyclase-activating adrenergic receptor signaling pathway","GO:0071880","0.00006822636907793035","4.1660477407145","26","340","8","16483","DRD3,DRD2,DRD1,ADRA2A,ADRB1,GNAS,ADRB2,ADRA1A"
"GO:BP","regulation of postsynaptic membrane potential","GO:0060078","0.00011570500154366273","3.9366478675316925","63","340","11","16483","NRXN1,DRD4,GRIN2B,DRD2,CHRNA7,DLG4,CHRNA4,GABRA1,GABRA6,GABRG2,CBLN1"
"GO:BP","synaptic transmission, glutamatergic","GO:0035249","0.00013717230996363066","3.8627335478397855","64","340","11","16483","DRD3,NRXN1,GRIK1,GRIK2,GRIK3,GRIK5,DRD2,DRD1,CDH2,TNF,CCL2"
"GO:BP","regulation of neurotransmitter receptor activity","GO:0099601","0.0001621052304042071","3.790202972202449","65","340","11","16483","NRXN1,GRIA3,GRIA4,GRIN2B,DLG4,DLGAP1,DLGAP3,ADRB2,OPRM1,DLGAP2,CCL2"
"GO:BP","regulation of ERK1 and ERK2 cascade","GO:0070372","0.00016832157100719425","3.773860224077142","256","340","21","16483","NRXN1,SMAD4,APOE,CHRNA7,GSTP1,HRAS,HTR2A,HTR2B,IL1B,PTPN1,OPRM1,TNF,ADRA1A,CCL2,BRAF,ARHGAP8,PTPN22,S100A7,PIN1,VEGFA,FGB"
"GO:BP","adenylate cyclase-activating G protein-coupled receptor signaling pathway","GO:0007189","0.00020601206767475132","3.686107338994678","133","340","15","16483","DRD3,DRD2,DRD1,ADRA2A,ADRB1,MC4R,ADORA2A,GHRH,GNAS,ADRB2,CNR1,ADCY8,ADRA1A,UCN3,GPR3"
"GO:BP","positive regulation of protein tyrosine kinase activity","GO:0061098","0.00029775905935606095","3.5261350161810587","42","340","9","16483","ADRA2A,BDNF,DLG4,PTPN1,EGF,NTRK2,ACE,FCGR1A,ADAM17"
"GO:BP","positive regulation of phospholipase C activity","GO:0010863","0.0003697994678869687","3.432033718092799","43","340","9","16483","BDNF,HRAS,HTR2A,NTRK3,HTR2B,ESR1,ADRA1A,NTRK2,KIT"
"GO:BP","regulation of dopamine uptake involved in synaptic transmission","GO:0051584","0.0003860222596993643","3.413387651323402","8","340","5","16483","DRD3,DRD4,DRD2,DRD1,TOR1A"
"GO:BP","regulation of catecholamine uptake involved in synaptic transmission","GO:0051940","0.0003860222596993643","3.413387651323402","8","340","5","16483","DRD3,DRD4,DRD2,DRD1,TOR1A"
"GO:BP","adenylate cyclase-inhibiting G protein-coupled acetylcholine receptor signaling pathway","GO:0007197","0.0003860222596993643","3.413387651323402","8","340","5","16483","CHRM4,CHRM5,OPRM1,CHRM2,CHRM1"
"GO:BP","regulation of signaling receptor activity","GO:0010469","0.0003999028266436163","3.398045526120576","121","340","14","16483","NRXN1,GRIA3,GRIA4,GRIN2B,ADRA2A,DLG4,DLGAP1,DLGAP3,EGF,ADRB2,OPRM1,DLGAP2,CCL2,ADAM17"
"GO:BP","synapse assembly","GO:0007416","0.0003999028266436163","3.398045526120576","121","340","14","16483","NRXN1,DRD2,DRD1,BDNF,CDH2,SLITRK1,SETD5,SLITRK3,GABRA1,GABRG2,NRCAM,PTPRD,CBLN1,SYNDIG1"
"GO:BP","regulation of phospholipase C activity","GO:1900274","0.0005603870091329751","3.251511941065168","45","340","9","16483","BDNF,HRAS,HTR2A,NTRK3,HTR2B,ESR1,ADRA1A,NTRK2,KIT"
"GO:BP","response to drug","GO:0042493","0.0007319471093222204","3.135520300033681","127","340","14","16483","DRD3,DRD2,DRD1,HTR2A,COMT,CYP2D6,HTR2B,IL1B,HTR1B,SLC22A3,ADRA1A,GATA6,MYC,ADAM17"
"GO:BP","icosanoid secretion","GO:0032309","0.000764554283488746","3.1165916741722812","24","340","7","16483","DRD3,DRD4,DRD2,NOS2,IL1B,BDKRB2,ACE"
"GO:BP","negative regulation of blood pressure","GO:0045776","0.000764554283488746","3.1165916741722812","24","340","7","16483","DRD3,SOD2,DRD2,ADRB1,NOS2,ADRB2,NOS3"
"GO:BP","regulation of peptide hormone secretion","GO:0090276","0.0007723939128268642","3.1121611575183814","147","340","15","16483","SNAP25,DRD2,ADRA2A,CACNA1A,MTNR1B,NOS2,GHRH,GNAS,IL1B,EFNA5,TNF,IL6,ADCY8,CACNA1C,FGB"
"GO:BP","regulation of peptide secretion","GO:0002791","0.0008222945599559876","3.0849725828880006","234","340","19","16483","DRD3,DRD4,SNAP25,DRD2,ADRA2A,APOE,CACNA1A,MTNR1B,NOS2,GHRH,GNAS,IL1B,EFNA5,OPRM1,TNF,IL6,ADCY8,CACNA1C,FGB"
"GO:BP","regulation of protein secretion","GO:0050708","0.0008632252084601818","3.063875885591945","212","340","18","16483","DRD3,DRD4,SNAP25,DRD2,ADRA2A,APOE,CACNA1A,MTNR1B,NOS2,GNAS,IL1B,EFNA5,OPRM1,TNF,IL6,ADCY8,CACNA1C,FGB"
"GO:BP","regulation of MAP kinase activity","GO:0043405","0.0009674735478281733","3.014360900406526","260","340","20","16483","DRD4,ADRA2A,APOE,CHRNA7,GSTP1,HRAS,NTRK3,RGS2,HTR2B,IL1B,PTPN1,EGF,TNF,TAOK2,FZD10,KIT,PTPN22,S100A12,MAP2K6,VEGFA"
"GO:BP","regulation of nervous system development","GO:0051960","0.0010283468297160826","2.9878603864806226","261","340","20","16483","DRD3,NRXN1,DRD2,BDNF,SLITRK1,IL1B,OPRM1,TNF,IL6,NTRK2,PTPRD,TRIM32,DCC,HEYL,PTPRS,SS18L1,VEGFA,SKI,CBLN1,SYNDIG1"
"GO:BP","cAMP-mediated signaling","GO:0019933","0.0010370948241360852","2.9841815331805557","171","340","16","16483","DRD3,DRD2,DRD1,ADRA2A,ADRB1,MC4R,ADORA2A,GHRH,GNAS,ADRB2,CNR1,OPRM1,ADCY8,ADRA1A,UCN3,GPR3"
"GO:BP","regulation of synaptic transmission, glutamatergic","GO:0051966","0.001208203256303368","2.9178599981110396","49","340","9","16483","DRD3,NRXN1,GRIK1,GRIK3,DRD2,DRD1,CDH2,TNF,CCL2"
"GO:BP","regulation of cation transmembrane transport","GO:1904062","0.0012782672336916299","2.893378343372226","289","340","21","16483","DRD3,NRXN1,DRD4,GRIA3,GRIA4,GRIN2B,DRD2,DRD1,ADRA2A,DLG4,NOS1AP,SCN5A,ADRB2,OPRM1,NPSR1,CACNA1C,CCL2,SLC43A1,CTSS,SUMO1,KCNIP4"
"GO:BP","response to lipopolysaccharide","GO:0032496","0.001342965643677614","2.8719350974966487","196","340","17","16483","GSTP1,NOS2,COMT,IL1B,CXCL8,NFKBIL1,TNF,IL6,NOS3,CCL2,PTPN22,S100A14,S100A7,S100A8,S100A9,NFKBIB,ADAM17"
"GO:BP","acetylcholine receptor signaling pathway","GO:0095500","0.001402371142784998","2.853137033493113","26","340","7","16483","CHRM4,CHRM5,CHRNA7,OPRM1,CHRM2,CHRM1,GNA11"
"GO:BP","dopamine metabolic process","GO:0042417","0.001402371142784998","2.853137033493113","26","340","7","16483","DRD3,DRD4,HTR1A,DRD2,DRD1,COMT,DBH"
"GO:BP","positive regulation of protein serine/threonine kinase activity","GO:0071902","0.0015591026839696066","2.8071252808260327","244","340","19","16483","NRXN1,DRD4,ADRA2A,CHRNA7,HRAS,NTRK3,HTR2B,IL1B,EGF,ADRB2,TNF,CCND2,TAOK2,FZD10,KIT,S100A12,MAP2K6,VEGFA,ADAM17"
"GO:BP","regulation of neurotransmitter levels","GO:0001505","0.0016648530191881344","2.7786241019613778","156","340","15","16483","DRD3,SLC6A3,NRXN1,DRD4,SNAP25,DRD2,DRD1,GAD2,SLC6A2,SLC6A4,DTNBP1,SLC22A3,DBH,TOR1A,PRRT2"
"GO:BP","response to histamine","GO:0034776","0.0016788293116484598","2.774993456796709","10","340","5","16483","DRD3,DRD4,DRD2,HRH1,GABRG2"
"GO:BP","G protein-coupled serotonin receptor signaling pathway","GO:0098664","0.0016788293116484598","2.774993456796709","10","340","5","16483","HTR1A,HTR1D,HTR2A,HTR2B,HTR1B"
"GO:BP","serotonin receptor signaling pathway","GO:0007210","0.0016788293116484598","2.774993456796709","10","340","5","16483","HTR1A,HTR1D,HTR2A,HTR2B,HTR1B"
"GO:BP","regulation of phospholipase activity","GO:0010517","0.001850096529761492","2.7328056114623505","66","340","10","16483","BDNF,HRAS,HTR2A,NTRK3,RGS2,HTR2B,ESR1,ADRA1A,NTRK2,KIT"
"GO:BP","regulation of tube size","GO:0035150","0.001850096529761492","2.7328056114623505","66","340","10","16483","SOD2,ADRB1,HTR2B,OXTR,ADRB2,NOS3,ADRA1A,BDKRB2,ACE,FGB"
"GO:BP","regulation of tube diameter","GO:0035296","0.001850096529761492","2.7328056114623505","66","340","10","16483","SOD2,ADRB1,HTR2B,OXTR,ADRB2,NOS3,ADRA1A,BDKRB2,ACE,FGB"
"GO:BP","blood vessel diameter maintenance","GO:0097746","0.001850096529761492","2.7328056114623505","66","340","10","16483","SOD2,ADRB1,HTR2B,OXTR,ADRB2,NOS3,ADRA1A,BDKRB2,ACE,FGB"
"GO:BP","icosanoid transport","GO:0071715","0.0018598732765845044","2.7305166456503436","27","340","7","16483","DRD3,DRD4,DRD2,NOS2,IL1B,BDKRB2,ACE"
"GO:BP","G protein-coupled acetylcholine receptor signaling pathway","GO:0007213","0.002219755059342807","2.653694945479402","18","340","6","16483","CHRM4,CHRM5,OPRM1,CHRM2,CHRM1,GNA11"
"GO:BP","positive regulation of ERK1 and ERK2 cascade","GO:0070374","0.0023966503962181036","2.620395312677537","182","340","16","16483","NRXN1,APOE,CHRNA7,HRAS,HTR2A,HTR2B,OPRM1,TNF,ADRA1A,CCL2,BRAF,ARHGAP8,PTPN22,S100A7,VEGFA,FGB"
"GO:BP","regulation of hormone secretion","GO:0046883","0.0023966503962181036","2.620395312677537","182","340","16","16483","SNAP25,DRD2,ADRA2A,CACNA1A,MTNR1B,NOS2,GHRH,GNAS,IL1B,POMC,EFNA5,TNF,IL6,ADCY8,CACNA1C,FGB"
"GO:BP","dopamine receptor signaling pathway","GO:0007212","0.002436187275206339","2.613289329560295","28","340","7","16483","DRD3,DRD4,DRD2,DRD1,GNAS,DTNBP1,GNA11"
"GO:BP","cellular response to acetylcholine","GO:1905145","0.002436187275206339","2.613289329560295","28","340","7","16483","CHRM4,CHRM5,CHRNA7,OPRM1,CHRM2,CHRM1,GNA11"
"GO:BP","response to acetylcholine","GO:1905144","0.002436187275206339","2.613289329560295","28","340","7","16483","CHRM4,CHRM5,CHRNA7,OPRM1,CHRM2,CHRM1,GNA11"
"GO:BP","vascular process in circulatory system","GO:0003018","0.0025778087872097063","2.588749300225255","183","340","16","16483","SLC1A1,SOD2,ADRB1,APOE,SLC1A2,HTR2B,OXTR,ADRB2,SLC22A3,NOS3,ADRA1A,BDKRB2,ACE,ATP2A3,VEGFA,FGB"
"GO:BP","postsynaptic signal transduction","GO:0098926","0.003154834163418991","2.501023464884171","29","340","7","16483","CHRM4,CHRM5,CHRNA7,OPRM1,CHRM2,CHRM1,GNA11"
"GO:BP","regulation of amine transport","GO:0051952","0.003353756965116906","2.474468412371828","55","340","9","16483","DRD3,DRD4,DRD2,DRD1,ADRA2A,CHRNA4,DTNBP1,TOR1A,SLC43A1"
"GO:BP","regulation of protein tyrosine kinase activity","GO:0061097","0.00369572384841501","2.4323004875574936","71","340","10","16483","ADRA2A,BDNF,DLG4,PTPN1,EGF,NTRK2,ACE,FCGR1A,MVP,ADAM17"
"GO:BP","positive regulation of phospholipase activity","GO:0010518","0.003924185633280236","2.4062504565412266","56","340","9","16483","BDNF,HRAS,HTR2A,NTRK3,HTR2B,ESR1,ADRA1A,NTRK2,KIT"
"GO:BP","regulation of NMDA receptor activity","GO:2000310","0.004042615879141388","2.393337522454242","30","340","7","16483","NRXN1,GRIA3,GRIA4,GRIN2B,DLG4,OPRM1,CCL2"
"GO:BP","adult behavior","GO:0030534","0.004664244774603727","2.3312186663386023","43","340","8","16483","DRD3,NRXN1,DRD4,DRD2,DRD1,CHRNA4,OPRM1,CCND2"
"GO:BP","positive regulation of nervous system development","GO:0051962","0.004709467310827608","2.327028213264169","148","340","14","16483","NRXN1,DRD2,BDNF,SLITRK1,IL1B,OPRM1,TNF,IL6,NTRK2,PTPRD,TRIM32,SS18L1,VEGFA,SYNDIG1"
"GO:BP","neurotransmitter transport","GO:0006836","0.004709467310827608","2.327028213264169","148","340","14","16483","DRD3,SLC6A3,NRXN1,DRD4,SNAP25,DRD2,DRD1,GAD2,SLC6A2,SLC6A4,DTNBP1,SLC22A3,TOR1A,PRRT2"
"GO:BP","regulation of neurogenesis","GO:0050767","0.005163253057243081","2.2870765891361913","216","340","17","16483","DRD3,DRD2,BDNF,SLITRK1,IL1B,OPRM1,TNF,IL6,NTRK2,PTPRD,TRIM32,DCC,HEYL,PTPRS,SS18L1,VEGFA,SKI"
"GO:BP","peptide hormone secretion","GO:0030072","0.005316398913634836","2.274382439412811","171","340","15","16483","SNAP25,DRD2,ADRA2A,CACNA1A,MTNR1B,NOS2,GHRH,GNAS,IL1B,EFNA5,TNF,IL6,ADCY8,CACNA1C,FGB"
"GO:BP","calcium ion transport","GO:0006816","0.005371029764422075","2.2699424409053703","316","340","21","16483","DRD3,DRD4,GRIN2B,DRD2,DRD1,ADRA2A,CACNA1A,CHRNA7,HTR2A,NOS1AP,PSEN1,RYR3,CHRNA4,HTR2B,EGF,NPSR1,ADRA1A,CACNA1C,CCL2,WFS1,ATP2A3"
"GO:BP","response to molecule of bacterial origin","GO:0002237","0.0054986496703372904","2.259743949182646","217","340","17","16483","GSTP1,NOS2,COMT,IL1B,CXCL8,NFKBIL1,TNF,IL6,NOS3,CCL2,PTPN22,S100A14,S100A7,S100A8,S100A9,NFKBIB,ADAM17"
"GO:BP","amine transport","GO:0015837","0.007122001206324843","2.1473979571009427","60","340","9","16483","DRD3,DRD4,DRD2,DRD1,ADRA2A,CHRNA4,DTNBP1,TOR1A,SLC43A1"
"GO:BP","catecholamine metabolic process","GO:0006584","0.008043646937245208","2.094547000304445","33","340","7","16483","DRD3,DRD4,HTR1A,DRD2,DRD1,COMT,DBH"
"GO:BP","catechol-containing compound metabolic process","GO:0009712","0.008043646937245208","2.094547000304445","33","340","7","16483","DRD3,DRD4,HTR1A,DRD2,DRD1,COMT,DBH"
"GO:BP","positive regulation of peptidyl-tyrosine phosphorylation","GO:0050731","0.008136170652358197","2.0895799508669937","155","340","14","16483","ADRA2A,BDNF,DLG4,PTPN1,EGF,EFNA5,TNF,IL6,NTRK2,ACE,FCGR1A,KIT,VEGFA,ADAM17"
"GO:BP","peptidyl-cysteine S-nitrosylation","GO:0018119","0.008146709764349728","2.0890177556405827","13","340","5","16483","NOS1AP,NOS2,ACE,S100A8,S100A9"
"GO:BP","protein nitrosylation","GO:0017014","0.008146709764349728","2.0890177556405827","13","340","5","16483","NOS1AP,NOS2,ACE,S100A8,S100A9"
"GO:BP","hormone secretion","GO:0046879","0.00999827378568089","2.0000749750066698","203","340","16","16483","SNAP25,DRD2,ADRA2A,CACNA1A,MTNR1B,NOS2,GHRH,GNAS,IL1B,POMC,EFNA5,TNF,IL6,ADCY8,CACNA1C,FGB"
"GO:BP","protein secretion","GO:0009306","0.010229991524456097","1.990124726100496","277","340","19","16483","DRD3,DRD4,SNAP25,DRD2,ADRA2A,APOE,CACNA1A,MTNR1B,NOS2,GNAS,IL1B,EFNA5,OPRM1,TNF,IL6,ADCY8,CACNA1C,PLEK,FGB"
"GO:BP","establishment of protein localization to extracellular region","GO:0035592","0.010777254815919759","1.9674918486229336","278","340","19","16483","DRD3,DRD4,SNAP25,DRD2,ADRA2A,APOE,CACNA1A,MTNR1B,NOS2,GNAS,IL1B,EFNA5,OPRM1,TNF,IL6,ADCY8,CACNA1C,PLEK,FGB"
"GO:BP","regulation of cation channel activity","GO:2001257","0.011794211316572432","1.9283310952457495","160","340","14","16483","DRD3,NRXN1,DRD4,GRIA3,GRIA4,GRIN2B,DRD2,DLG4,NOS1AP,ADRB2,OPRM1,CCL2,CTSS,SUMO1"
"GO:BP","phospholipase C-activating dopamine receptor signaling pathway","GO:0060158","0.011855578139408024","1.9260772627205862","7","340","4","16483","DRD3,DRD2,DRD1,GNA11"
"GO:BP","peptide secretion","GO:0002790","0.011942105342446363","1.9229191021844363","306","340","20","16483","DRD3,DRD4,SNAP25,DRD2,ADRA2A,APOE,CACNA1A,MTNR1B,NOS2,GHRH,GNAS,IL1B,EFNA5,OPRM1,TNF,IL6,ADCY8,CACNA1C,PLEK,FGB"
"GO:BP","positive regulation of cytosolic calcium ion concentration","GO:0007204","0.012213480695442527","1.9131605496994413","255","340","18","16483","DRD3,GRIN2B,DRD2,DRD1,CACNA1A,DLG4,HTR2A,RYR3,HTR2B,ESR1,OPRM1,NPSR1,ADCY8,ADRA1A,CCKBR,CACNA1C,BDKRB2,GPR20"
"GO:BP","arachidonate transport","GO:1903963","0.012458729896317166","1.904526229517643","14","340","5","16483","DRD3,DRD4,DRD2,BDKRB2,ACE"
"GO:BP","arachidonic acid secretion","GO:0050482","0.012458729896317166","1.904526229517643","14","340","5","16483","DRD3,DRD4,DRD2,BDKRB2,ACE"
"GO:BP","cellular biogenic amine metabolic process","GO:0006576","0.012527714092731209","1.9021281666339958","81","340","10","16483","DRD3,DRD4,HTR1A,DRD2,DRD1,TPH1,TPH2,COMT,SLC22A3,DBH"
"GO:BP","regulation of synapse organization","GO:0050807","0.014017402264640044","1.8533324633069062","120","340","12","16483","NRXN1,GRIN2B,APOE,BDNF,SLITRK1,SETD5,SLITRK3,TNF,PTPRD,CFL1,CBLN1,SYNDIG1"
"GO:BP","regulation of insulin secretion","GO:0050796","0.015276798533304251","1.8159676487051257","121","340","12","16483","SNAP25,ADRA2A,CACNA1A,MTNR1B,NOS2,GNAS,IL1B,EFNA5,TNF,IL6,ADCY8,CACNA1C"
"GO:BP","protein localization to extracellular region","GO:0071692","0.015409657128735925","1.8122070244064736","285","340","19","16483","DRD3,DRD4,SNAP25,DRD2,ADRA2A,APOE,CACNA1A,MTNR1B,NOS2,GNAS,IL1B,EFNA5,OPRM1,TNF,IL6,ADCY8,CACNA1C,PLEK,FGB"
"GO:BP","positive regulation of MAP kinase activity","GO:0043406","0.01597189101260008","1.7966436619630415","187","340","15","16483","DRD4,ADRA2A,CHRNA7,HRAS,NTRK3,HTR2B,IL1B,EGF,TNF,TAOK2,FZD10,KIT,S100A12,MAP2K6,VEGFA"
"GO:BP","hormone transport","GO:0009914","0.0163723694944661","1.7858884626831963","211","340","16","16483","SNAP25,DRD2,ADRA2A,CACNA1A,MTNR1B,NOS2,GHRH,GNAS,IL1B,POMC,EFNA5,TNF,IL6,ADCY8,CACNA1C,FGB"
"GO:BP","regulation of cell junction assembly","GO:1901888","0.01674275057499239","1.7761731926144402","143","340","13","16483","NRXN1,BDNF,SLITRK1,IL1B,SETD5,SLITRK3,EFNA5,TNF,PTPRD,ACE,VEGFA,CBLN1,SYNDIG1"
"GO:BP","regulation of blood circulation","GO:1903522","0.016950883866151713","1.7708076515503066","236","340","17","16483","DRD2,ADRB1,HCN4,NOS1AP,RGS2,RYR3,OXTR,SCN5A,CHRM2,ADRA1A,CACNA1C,BDKRB2,ACE,ATP2A3,CACNA2D3,FGB,KCNIP4"
"GO:BP","organic hydroxy compound transport","GO:0015850","0.019571191151874088","1.708382741284089","214","340","16","16483","DRD3,SLC6A3,DRD4,HTR1A,DRD2,DRD1,ADRA2A,APOE,SLC6A2,SLC6A4,CHRNA4,POMC,DTNBP1,HTR1B,SLC22A3,TOR1A"
"GO:BP","positive regulation of lipase activity","GO:0060193","0.02054076250778966","1.687383438694977","68","340","9","16483","BDNF,HRAS,HTR2A,NTRK3,HTR2B,ESR1,ADRA1A,NTRK2,KIT"
"GO:BP","regulation of anatomical structure size","GO:0090066","0.021859358755557057","1.6603625822311385","346","340","21","16483","SOD2,ADRB1,APOE,BDNF,SLC6A4,HTR2B,OXTR,ADRB2,NOS3,NRCAM,ADRA1A,OLFM1,BDKRB2,ACE,DCC,ARPC1B,PLEK,PTPRS,SPIRE1,VEGFA,FGB"
"GO:BP","positive regulation of neurogenesis","GO:0050769","0.02318053773443803","1.6348764936359945","126","340","12","16483","DRD2,BDNF,SLITRK1,IL1B,OPRM1,TNF,IL6,NTRK2,PTPRD,TRIM32,SS18L1,VEGFA"
"GO:BP","chemical synaptic transmission, postsynaptic","GO:0099565","0.02382699809756772","1.622930669855962","53","340","8","16483","NRXN1,DRD4,GRIN2B,DRD2,CHRNA7,DLG4,CHRNA4,CBLN1"
"GO:BP","response to alkaloid","GO:0043279","0.02394462448391815","1.6207919694729505","26","340","6","16483","DRD3,DRD4,DRD2,RYR3,HTR1B,ADCY8"
"GO:BP","regulation of cell development","GO:0060284","0.02651687639157244","1.576477635840427","323","340","20","16483","DRD3,SMAD4,DRD2,BDNF,SLITRK1,IL1B,EFNA5,OPRM1,TNF,IL6,NTRK2,PTPRD,TRIM32,DCC,HEYL,PTPRS,SS18L1,VEGFA,SKI,FGB"
"GO:BP","fatty acid transport","GO:0015908","0.030990812095678052","1.5087670431847016","109","340","11","16483","DRD3,SLC1A1,DRD4,SNAP25,DRD2,APOE,SLC1A2,IL1B,BDKRB2,ACE,SLC25A17"
"GO:BP","regulation of synapse assembly","GO:0051963","0.031579667087368035","1.500592452633016","55","340","8","16483","NRXN1,BDNF,SLITRK1,SETD5,SLITRK3,PTPRD,CBLN1,SYNDIG1"
"GO:BP","regulation of synapse structure or activity","GO:0050803","0.03187814236530651","1.4965069941768816","130","340","12","16483","NRXN1,GRIN2B,APOE,BDNF,SLITRK1,SETD5,SLITRK3,TNF,PTPRD,CFL1,CBLN1,SYNDIG1"
"GO:BP","regulation of neurotransmitter uptake","GO:0051580","0.03659304089733051","1.4366014989567903","17","340","5","16483","DRD3,DRD4,DRD2,DRD1,TOR1A"
"GO:BP","regulation of lipase activity","GO:0060191","0.039359094770082585","1.4049548985760334","92","340","10","16483","BDNF,HRAS,HTR2A,NTRK3,RGS2,HTR2B,ESR1,ADRA1A,NTRK2,KIT"
"GO:BP","regulation of cytosolic calcium ion concentration","GO:0051480","0.03964226883655273","1.4018414976025622","278","340","18","16483","DRD3,GRIN2B,DRD2,DRD1,CACNA1A,DLG4,HTR2A,RYR3,HTR2B,ESR1,OPRM1,NPSR1,ADCY8,ADRA1A,CCKBR,CACNA1C,BDKRB2,GPR20"
"GO:BP","import into cell","GO:0098657","0.04513886796611374","1.3454493367565936","204","340","15","16483","DRD3,SLC1A1,SLC6A3,DRD4,SNAP25,DRD2,DRD1,HCN4,SLC1A2,SLC6A2,SLC6A4,SLC6A5,SLC22A3,TOR1A,SLC43A1"
"GO:BP","memory","GO:0007613","0.04711505961605713","1.3268402550200098","58","340","8","16483","APOE,BDNF,CHRNA7,PSEN1,COMT,SCN2A,ADCY8,CCND2"
"REAC","Amine ligand-binding receptors","REAC:R-HSA-375280","7.730456096619715e-18","17.111794881967615","42","250","19","10531","DRD3,DRD4,HTR1A,DRD2,DRD1,ADRA2A,ADRB1,CHRM4,CHRM5,HTR1D,HTR2A,HTR2B,HRH1,ADRB2,HTR1B,CHRM2,ADRA1A,CHRM1,TAAR1"
"REAC","Transmission across Chemical Synapses","REAC:R-HSA-112315","1.865127711094004e-10","9.72929142534352","259","250","30","10531","SLC1A1,SLC6A3,GRIA3,GRIA4,GRIK1,GRIK2,GRIK3,GRIK5,GRIN2B,SNAP25,CACNA1A,CHRNA7,DLG4,GAD2,HRAS,HTR3A,SLC1A2,SLC6A4,CHRNA4,COMT,HTR3C,HTR3E,GABRA1,GABRA6,GABRG2,GABBR1,ADCY8,TUBAL3,GNG8,CACNA2D3"
"REAC","Class A/1 (Rhodopsin-like receptors)","REAC:R-HSA-373076","3.267069301966753e-9","8.485841653053633","328","250","32","10531","DRD3,DRD4,HTR1A,DRD2,DRD1,ADRA2A,ADRB1,CHRM4,CHRM5,HTR1D,HTR2A,MC4R,MTNR1B,ADORA2A,HTR2B,POMC,HRH1,OXTR,CXCL8,MTNR1A,ADRB2,CNR1,HTR1B,OPRM1,CHRM2,NPSR1,ADRA1A,CCKBR,CHRM1,BDKRB2,CCL2,TAAR1"
"REAC","Neurotransmitter receptors and postsynaptic signal transmission","REAC:R-HSA-112314","0.0000029806920617383053","5.525682889044785","196","250","21","10531","GRIA3,GRIA4,GRIK1,GRIK2,GRIK3,GRIK5,GRIN2B,CHRNA7,DLG4,HRAS,HTR3A,CHRNA4,HTR3C,HTR3E,GABRA1,GABRA6,GABRG2,GABBR1,ADCY8,TUBAL3,GNG8"
"REAC","Protein-protein interactions at synapses","REAC:R-HSA-6794362","0.0000050967179773464764","5.292709397070665","86","250","14","10531","NRXN1,GRIA3,GRIA4,GRIN2B,DLG4,DLGAP1,DLGAP3,NTRK3,SLITRK1,SLITRK5,SLITRK3,DLGAP2,PTPRD,PTPRS"
"REAC","Signaling by ERBB4","REAC:R-HSA-1236394","0.0001859318329965805","3.7306462492209778","54","250","10","10531","WWP1,APOE,DLG4,HRAS,PSEN1,EGF,GABRA1,GABRG2,ESR1,ADAM17"
"REAC","ADORA2B mediated anti-inflammatory cytokines production","REAC:R-HSA-9660821","0.00023087957192669234","3.6366144914742806","133","250","15","10531","DRD1,ADRB1,MC4R,ADORA2A,GHRH,GNAS,POMC,ADRB2,CRHR2,IL6,NPSR1,ADCY8,GPR20,GNG8,TAAR1"
"REAC","Dopamine receptors","REAC:R-HSA-390651","0.0006237941374617615","3.2049587111434326","5","250","4","10531","DRD3,DRD4,DRD2,DRD1"
"REAC","Muscarinic acetylcholine receptors","REAC:R-HSA-390648","0.0006237941374617615","3.2049587111434326","5","250","4","10531","CHRM4,CHRM5,CHRM2,CHRM1"
"REAC","Activation of Ca-permeable Kainate Receptor","REAC:R-HSA-451308","0.0006789024497844624","3.168192624193551","10","250","5","10531","GRIK1,GRIK2,GRIK3,GRIK5,DLG4"
"REAC","Ionotropic activity of kainate receptors","REAC:R-HSA-451306","0.0006789024497844624","3.168192624193551","10","250","5","10531","GRIK1,GRIK2,GRIK3,GRIK5,DLG4"
"REAC","Receptor-type tyrosine-protein phosphatases","REAC:R-HSA-388844","0.0014461109158104804","2.8397983956465427","19","250","6","10531","NTRK3,SLITRK1,SLITRK5,SLITRK3,PTPRD,PTPRS"
"REAC","Serotonin receptors","REAC:R-HSA-390666","0.002051942731523044","2.6878347642866336","12","250","5","10531","HTR1A,HTR1D,HTR2A,HTR2B,HTR1B"
"REAC","Synaptic adhesion-like molecules","REAC:R-HSA-8849932","0.002778954196008222","2.556118611403562","21","250","6","10531","GRIA3,GRIA4,GRIN2B,DLG4,PTPRD,PTPRS"
"REAC","Transcriptional regulation by the AP-2 (TFAP2) family of transcription factors","REAC:R-HSA-8864260","0.006099466029698395","2.2147081831049555","35","250","7","10531","APOE,ESR1,EP300,KIT,MYC,SUMO1,VEGFA"
"REAC","Leishmania parasite growth and survival","REAC:R-HSA-9664433","0.008180826794317553","2.087202802188778","221","250","17","10531","DRD1,ADRB1,MC4R,ADORA2A,GHRH,GNAS,POMC,ADRB2,CRHR2,IL6,NPSR1,ADCY8,FCGR1A,GPR20,GNG8,ADAM17,TAAR1"
"REAC","Anti-inflammatory response favouring Leishmania parasite infection","REAC:R-HSA-9662851","0.008180826794317553","2.087202802188778","221","250","17","10531","DRD1,ADRB1,MC4R,ADORA2A,GHRH,GNAS,POMC,ADRB2,CRHR2,IL6,NPSR1,ADCY8,FCGR1A,GPR20,GNG8,ADAM17,TAAR1"
"REAC","Adrenoceptors","REAC:R-HSA-390696","0.014578663284659458","1.8362822945852406","9","250","4","10531","ADRA2A,ADRB1,ADRB2,ADRA1A"
"REAC","Interleukin-4 and Interleukin-13 signaling","REAC:R-HSA-6785807","0.023797917107644083","1.623461052533492","110","250","11","10531","NOS2,RORA,IL1B,POMC,CXCL8,OPRM1,TNF,IL6,CCL2,MYC,VEGFA"
"REAC","Signaling by NTRKs","REAC:R-HSA-166520","0.0243279914022937","1.6138937463470326","130","250","12","10531","GRIN2B,BDNF,HRAS,NTRK3,TPH1,ADORA2A,NTRK2,BRAF,EP300,EGR3,JUND,PTPRS"
"REAC","Activation of kainate receptors upon glutamate binding","REAC:R-HSA-451326","0.02541419623223151","1.5949236210557702","30","250","6","10531","GRIK1,GRIK2,GRIK3,GRIK5,DLG4,GNG8"
"REAC","Leishmania infection","REAC:R-HSA-9658195","0.04466754153873989","1.3500079500475528","303","250","19","10531","DRD1,ADRB1,MC4R,ADORA2A,GHRH,GNAS,IL1B,POMC,ADRB2,CRHR2,IL6,NPSR1,ADCY8,FCGR1A,GPR20,ARPC1B,GNG8,ADAM17,TAAR1"
